TransactionID,AccountFrom,AccountTo,Amount,Date,Description
0001,003211,023153,500.00,2024/04/21,test
0002,003211,023153,200.00,2024/04/21,test2
0003,023153,003211,20.00,2024/04/21,test3
0004,023153,003211,12.00,2024/04/21,test4
0005,003211,023153,10.00,2024/04/22,test5
0006,003211,023153,10.00,2024/04/22,test6
0007,023153,003211,10.00,2024/04/22,test7
0008,023153,003211,10.00,2024/04/22,test8
0009,023153,003211,10.00,2024/04/23,test9
0010,023153,003211,10.00,2024/04/23,test10
0011,023153,003211,10.00,2024/04/23,test11
0012,023153,003211,10.00,2024/04/22,test12
0013,023153,003211,10.00,2024/04/22,test13
0014,023153,003211,10.00,2024/04/23,test14
0015,023153,003211,10.00,2024/04/23,test15
0016,023153,003211,10.00,2024/04/23,test16
0017,System,023153,30.00,2024/04/24,Transfer In
0018,System,023153,123.00,2024/04/24,Withdraw
0019,System,023153,123.00,2024/04/24,Transfer In
0020,023153,003211,123.00,2024/04/24,buy new toils
0021,System,023153,20.00,2024/04/24,Transfer In
0022,System,003211,20.00,2024/04/24,Withdraw
0023,System,023153,123.00,2024/04/24,Withdraw
0024,System,003211,30.00,2024/04/24,Transfer In
0025,System,023153,30.00,2024/04/25,Transfer In
0026,System,003211,12.00,2024/04/25,Withdraw
0028,System,023153,12.00,2024/04/25,Transfer In
0030,003211,023153,12.00,2024/04/25,hhh
0029,System,003211,20.00,2024/04/25,Transfer In
0030,System,233023,102.00,2024/04/25,Withdraw
0032,System,023153,102.00,2024/04/25,Transfer In
0034,233023,023153,102.00,2024/04/25,lll
